{"cameraMode":{"drawMode":0,"name":"Shaded","section":"Shading Mode"},"sceneLighting":true,"audioPlay":false,"sceneViewState":{"showFog":true,"showMaterialUpdate":false,"showSkybox":true,"showFlares":true,"showImageEffects":true,"showParticleSystems":true,"showVisualEffectGraphs":true,"m_FxEnabled":true},"in2DMode":false,"pivot":{"x":7.502835750579834,"y":6.519573211669922,"z":3.9755284786224367},"rotation":{"x":0.006217251066118479,"y":0.17047028243541718,"z":-0.0010756371775642038,"w":0.9853429794311523},"size":5.701148509979248,"orthographic":false}